Data File,Setup Time,Position,Plate Type,Strain Type,Sample Number,Strain Name,Strain Number,Other,Hour,A01,A02,A03,A04,A05,A06,A07,A08,A09,A10,A11,A12,B01,B02,B03,B04,B05,B06,B07,B08,B09,B10,B11,B12,C01,C02,C03,C04,C05,C06,C07,C08,C09,C10,C11,C12,D01,D02,D03,D04,D05,D06,D07,D08,D09,D10,D11,D12,E01,E02,E03,E04,E05,E06,E07,E08,E09,E10,E11,E12,F01,F02,F03,F04,F05,F06,F07,F08,F09,F10,F11,F12,G01,G02,G03,G04,G05,G06,G07,G08,G09,G10,G11,G12,H01,H02,H03,H04,H05,H06,H07,H08,H09,H10,H11,H12
C:\Program Files\Biolog\OL_DC_23\PMM\Data_2016\06\50v50\PMM_455_160613_A_03_0.OKA,6/13/16 10:13, 2-A,PM-M01,---,50v50,lymphoblast,cms19307-cms24346-cms24310-cms24102,,0,64,75,52,48,40,47,45,43,44,40,56,93,50,42,56,36,36,33,40,57,39,45,50,48,65,50,44,43,59,39,41,40,44,41,49,66,52,40,40,50,40,49,35,32,49,49,47,65,49,38,48,44,57,37,35,53,63,35,60,52,55,40,41,38,39,47,33,36,64,39,58,47,60,47,46,57,56,71,64,53,39,41,47,85,58,60,55,75,45,45,58,57,56,51,54,56
C:\Program Files\Biolog\OL_DC_23\PMM\Data_2016\06\50v50\PMM_455_160613_A_03_0.OKA,6/13/16 10:13, 2-A,PM-M01,---,50v50,lymphoblast,cms19307-cms24346-cms24310-cms24102,,0.25,99,118,73,66,61,65,76,76,56,61,106,169,55,43,70,39,49,45,49,70,53,52,60,58,83,67,47,50,75,51,58,52,63,60,64,84,68,44,45,62,54,64,43,39,61,61,64,66,52,43,64,54,70,47,41,71,83,44,77,60,66,42,49,42,43,48,41,43,71,48,68,52,67,55,47,68,65,84,71,59,47,46,58,93,61,61,57,88,53,53,66,73,70,53,64,61
C:\Program Files\Biolog\OL_DC_23\PMM\Data_2016\06\50v50\PMM_455_160613_A_03_0.OKA,6/13/16 10:13, 2-A,PM-M01,---,50v50,lymphoblast,cms19307-cms24346-cms24310-cms24102,,0.5,136,155,82,71,77,84,112,105,70,82,145,219,66,54,76,43,55,51,54,77,57,59,68,65,88,79,57,61,84,59,71,61,67,65,67,91,77,55,52,67,64,73,52,46,67,68,72,73,61,50,71,61,76,52,45,77,85,47,83,66,72,51,57,52,51,56,43,47,76,52,73,58,72,59,52,71,68,88,76,66,49,51,63,99,69,71,68,94,57,57,70,73,73,60,68,68
C:\Program Files\Biolog\OL_DC_23\PMM\Data_2016\06\50v50\PMM_455_160613_A_03_0.OKA,6/13/16 10:13, 2-A,PM-M01,---,50v50,lymphoblast,cms19307-cms24346-cms24310-cms24102,,0.75,153,174,92,70,81,108,135,128,85,97,173,244,68,57,74,47,54,49,55,76,55,59,68,64,98,85,63,71,89,67,75,63,67,63,68,90,82,64,59,71,68,77,55,45,68,72,72,75,67,55,74,65,81,58,47,73,78,49,82,68,73,58,62,61,61,66,46,47,78,53,74,61,73,62,58,75,71,85,80,62,49,54,60,100,75,79,76,96,62,61,72,72,69,63,66,70
C:\Program Files\Biolog\OL_DC_23\PMM\Data_2016\06\50v50\PMM_455_160613_A_03_0.OKA,6/13/16 10:13, 2-A,PM-M01,---,50v50,lymphoblast,cms19307-cms24346-cms24310-cms24102,,1,178,196,108,78,103,131,162,153,97,125,192,270,72,58,82,51,59,56,61,85,59,63,72,70,106,91,70,76,99,75,85,72,77,71,71,98,92,65,64,79,75,85,62,51,74,75,79,76,71,58,80,71,87,65,51,84,88,52,89,73,84,58,68,64,65,71,48,50,83,55,76,61,77,64,57,83,78,94,84,67,54,50,66,105,76,77,75,105,65,65,76,82,80,67,73,72
C:\Program Files\Biolog\OL_DC_23\PMM\Data_2016\06\50v50\PMM_455_160613_A_03_0.OKA,6/13/16 10:13, 2-A,PM-M01,---,50v50,lymphoblast,cms19307-cms24346-cms24310-cms24102,,1.25,189,215,119,87,113,149,179,168,118,143,213,280,77,65,84,55,62,57,62,84,62,66,78,73,112,97,77,91,105,81,92,76,80,72,75,100,94,77,72,81,82,89,67,57,75,78,82,82,79,63,83,75,88,68,55,77,85,56,92,78,84,66,75,71,74,80,52,53,84,58,77,65,80,67,61,84,78,92,82,66,54,57,66,105,85,88,87,103,73,72,77,78,76,73,76,77
C:\Program Files\Biolog\OL_DC_23\PMM\Data_2016\06\50v50\PMM_455_160613_A_03_0.OKA,6/13/16 10:13, 2-A,PM-M01,---,50v50,lymphoblast,cms19307-cms24346-cms24310-cms24102,,1.5,209,231,138,100,136,175,201,187,134,175,217,289,83,71,92,61,70,66,69,92,70,74,85,82,119,107,86,95,114,91,102,88,88,78,76,107,105,79,76,93,91,98,76,61,85,85,94,83,83,70,94,87,97,78,61,92,95,60,96,88,94,69,84,76,77,83,57,60,93,64,84,71,89,75,68,95,94,106,97,77,68,60,73,120,84,85,86,118,77,76,89,94,90,84,88,87
C:\Program Files\Biolog\OL_DC_23\PMM\Data_2016\06\50v50\PMM_455_160613_A_03_0.OKA,6/13/16 10:13, 2-A,PM-M01,---,50v50,lymphoblast,cms19307-cms24346-cms24310-cms24102,,1.75,217,239,148,103,137,178,209,215,157,181,240,297,81,67,86,59,67,63,68,90,68,70,82,76,115,105,84,96,113,91,102,87,90,82,83,110,100,79,76,88,86,97,73,62,79,83,89,92,79,65,88,82,94,74,57,85,90,58,95,81,85,69,78,77,78,84,54,57,88,62,84,73,78,66,65,85,79,96,83,71,56,61,68,100,88,91,90,107,75,76,80,79,76,67,76,82
C:\Program Files\Biolog\OL_DC_23\PMM\Data_2016\06\50v50\PMM_455_160613_A_03_0.OKA,6/13/16 10:13, 2-A,PM-M01,---,50v50,lymphoblast,cms19307-cms24346-cms24310-cms24102,,2,226,248,166,114,150,191,223,231,177,199,250,305,86,72,92,65,71,67,73,96,72,73,85,80,123,111,89,103,120,99,111,95,97,86,86,114,107,85,82,94,93,104,78,66,87,89,94,96,87,71,96,89,102,81,64,91,97,64,102,85,89,75,84,82,85,89,60,61,94,67,88,77,86,69,69,91,90,101,92,76,61,61,73,107,92,92,91,112,81,81,84,86,85,70,82,85
C:\Program Files\Biolog\OL_DC_23\PMM\Data_2016\06\50v50\PMM_455_160613_A_03_0.OKA,6/13/16 10:13, 2-A,PM-M01,---,50v50,lymphoblast,cms19307-cms24346-cms24310-cms24102,,2.25,228,246,183,118,143,181,227,244,195,205,263,305,85,75,94,65,69,63,74,93,73,70,82,81,124,116,91,107,124,100,114,99,99,88,92,117,107,89,85,96,95,105,82,69,85,88,90,100,89,74,97,88,106,82,68,90,95,64,101,88,90,75,88,86,88,93,61,65,94,69,86,81,86,69,72,89,85,97,86,79,60,66,72,104,95,97,95,115,85,86,83,85,82,68,81,89
C:\Program Files\Biolog\OL_DC_23\PMM\Data_2016\06\50v50\PMM_455_160613_A_03_0.OKA,6/13/16 10:13, 2-A,PM-M01,---,50v50,lymphoblast,cms19307-cms24346-cms24310-cms24102,,2.5,239,256,193,125,157,201,238,253,205,219,268,312,88,75,96,69,74,69,77,98,75,74,86,82,128,116,95,111,125,105,119,102,100,91,91,120,109,90,89,100,98,111,84,72,88,94,100,101,89,74,102,93,106,85,70,94,98,67,103,89,94,80,90,88,91,96,64,67,95,71,90,81,87,76,74,95,90,104,91,78,60,67,76,109,94,94,95,118,87,88,88,90,87,71,86,87
C:\Program Files\Biolog\OL_DC_23\PMM\Data_2016\06\50v50\PMM_455_160613_A_03_0.OKA,6/13/16 10:13, 2-A,PM-M01,---,50v50,lymphoblast,cms19307-cms24346-cms24310-cms24102,,2.75,232,258,199,133,152,205,243,240,206,225,274,307,86,75,87,67,66,62,72,87,67,66,73,78,119,110,94,113,121,98,112,96,91,79,81,104,101,90,88,96,95,104,81,67,80,84,84,92,91,75,95,86,100,81,65,81,83,61,88,83,86,82,89,90,91,97,58,59,89,63,79,76,80,69,74,89,79,95,83,74,56,59,66,103,100,104,99,112,85,83,83,81,79,70,76,83
C:\Program Files\Biolog\OL_DC_23\PMM\Data_2016\06\50v50\PMM_455_160613_A_03_0.OKA,6/13/16 10:13, 2-A,PM-M01,---,50v50,lymphoblast,cms19307-cms24346-cms24310-cms24102,,3,255,268,216,142,184,230,258,268,223,248,270,322,94,80,104,74,80,74,79,105,82,80,89,86,139,125,102,120,138,114,128,107,109,94,92,124,117,96,91,110,109,119,90,76,95,97,106,98,95,82,113,101,117,95,74,105,109,69,108,93,106,81,97,93,94,100,68,70,103,74,94,81,97,85,77,100,101,116,101,86,71,68,79,121,96,96,98,135,93,90,100,104,99,79,94,90
C:\Program Files\Biolog\OL_DC_23\PMM\Data_2016\06\50v50\PMM_455_160613_A_03_0.OKA,6/13/16 10:13, 2-A,PM-M01,---,50v50,lymphoblast,cms19307-cms24346-cms24310-cms24102,,3.25,253,271,220,145,179,228,260,274,236,248,283,321,92,79,97,72,76,71,80,97,79,76,86,85,131,120,98,117,131,111,123,106,106,94,96,122,110,96,93,104,101,113,88,75,88,95,96,104,95,80,103,95,109,89,73,96,96,67,103,91,95,84,91,95,94,98,65,67,96,73,89,85,87,73,75,94,90,103,88,82,62,69,75,109,101,103,102,118,89,91,87,88,86,71,85,92
C:\Program Files\Biolog\OL_DC_23\PMM\Data_2016\06\50v50\PMM_455_160613_A_03_0.OKA,6/13/16 10:13, 2-A,PM-M01,---,50v50,lymphoblast,cms19307-cms24346-cms24310-cms24102,,3.5,261,277,227,155,199,246,270,280,242,260,282,325,92,79,102,75,78,73,81,102,79,81,91,85,135,123,101,117,133,113,126,108,106,94,92,121,114,94,91,106,106,117,90,74,92,96,102,99,95,80,110,98,111,92,71,100,104,68,107,90,102,79,96,93,93,97,66,71,98,74,93,82,90,78,75,95,93,109,95,84,67,64,79,116,97,98,97,125,89,89,91,95,92,71,88,85
C:\Program Files\Biolog\OL_DC_23\PMM\Data_2016\06\50v50\PMM_455_160613_A_03_0.OKA,6/13/16 10:13, 2-A,PM-M01,---,50v50,lymphoblast,cms19307-cms24346-cms24310-cms24102,,3.75,264,278,238,159,203,247,274,287,252,266,288,326,92,81,101,75,81,72,82,102,83,79,89,86,139,126,103,120,135,114,131,109,109,98,97,124,114,96,94,109,106,118,91,78,94,97,103,103,97,81,110,101,111,91,73,100,105,68,108,90,101,83,93,93,94,99,69,72,99,75,94,84,92,77,75,96,94,108,94,85,69,64,78,114,99,99,98,124,92,91,90,94,94,69,89,87
C:\Program Files\Biolog\OL_DC_23\PMM\Data_2016\06\50v50\PMM_455_160613_A_03_0.OKA,6/13/16 10:13, 2-A,PM-M01,---,50v50,lymphoblast,cms19307-cms24346-cms24310-cms24102,,4,258,273,245,161,189,238,276,266,248,269,291,322,89,79,93,74,69,65,73,88,69,69,76,83,133,122,100,120,130,107,119,101,96,83,83,106,108,96,91,103,102,111,87,71,84,91,88,91,98,80,106,96,105,87,67,88,90,63,95,88,97,83,93,94,94,98,62,65,95,65,86,78,93,76,72,96,93,103,92,85,66,60,75,118,97,98,98,124,87,88,90,92,91,77,88,90
C:\Program Files\Biolog\OL_DC_23\PMM\Data_2016\06\50v50\PMM_455_160613_A_03_0.OKA,6/13/16 10:13, 2-A,PM-M01,---,50v50,lymphoblast,cms19307-cms24346-cms24310-cms24102,,4.25,269,284,250,168,215,252,284,298,272,274,297,330,95,83,103,79,83,77,85,106,85,82,91,89,139,128,108,125,139,118,133,117,113,102,102,131,117,100,97,108,109,122,93,81,95,99,104,109,100,84,112,100,113,96,77,102,104,72,112,95,101,84,96,99,100,103,72,77,101,77,97,89,93,78,80,98,94,107,92,87,69,70,81,114,103,104,105,124,95,94,95,95,91,74,90,93
C:\Program Files\Biolog\OL_DC_23\PMM\Data_2016\06\50v50\PMM_455_160613_A_03_0.OKA,6/13/16 10:13, 2-A,PM-M01,---,50v50,lymphoblast,cms19307-cms24346-cms24310-cms24102,,4.5,270,284,253,180,219,257,289,294,269,280,299,329,93,81,103,79,80,74,84,99,79,82,90,86,138,125,108,123,136,118,132,112,111,96,95,124,115,101,96,110,105,118,93,78,93,96,103,102,102,83,110,100,113,94,75,98,100,70,111,91,103,84,98,101,98,101,69,69,99,74,95,85,94,78,78,98,94,107,94,89,68,64,78,115,102,105,103,127,93,93,95,95,94,72,89,90
C:\Program Files\Biolog\OL_DC_23\PMM\Data_2016\06\50v50\PMM_455_160613_A_03_0.OKA,6/13/16 10:13, 2-A,PM-M01,---,50v50,lymphoblast,cms19307-cms24346-cms24310-cms24102,,4.75,271,284,262,179,208,248,292,297,276,280,304,326,94,86,101,81,75,73,81,99,80,76,86,86,138,130,110,128,139,117,131,113,111,95,98,123,113,101,101,109,105,117,94,80,90,96,101,108,106,87,108,100,116,97,77,97,96,72,108,94,99,88,98,103,103,108,71,76,99,77,91,88,91,77,83,98,89,103,89,87,66,68,75,111,107,108,108,124,98,98,93,91,90,72,85,92
C:\Program Files\Biolog\OL_DC_23\PMM\Data_2016\06\50v50\PMM_455_160613_A_03_0.OKA,6/13/16 10:13, 2-A,PM-M01,---,50v50,lymphoblast,cms19307-cms24346-cms24310-cms24102,,5,275,286,267,180,217,253,295,301,280,286,304,331,96,83,103,81,77,74,82,98,80,79,86,83,143,132,110,128,138,118,134,113,111,95,94,121,117,102,101,112,108,121,94,81,93,99,102,102,104,87,115,105,119,97,77,101,99,69,107,91,105,87,99,102,102,105,70,73,101,74,95,87,95,80,82,102,96,110,96,95,69,68,79,115,104,105,105,130,98,95,96,98,98,75,91,91
C:\Program Files\Biolog\OL_DC_23\PMM\Data_2016\06\50v50\PMM_455_160613_A_03_0.OKA,6/13/16 10:13, 2-A,PM-M01,---,50v50,lymphoblast,cms19307-cms24346-cms24310-cms24102,,5.25,275,290,270,192,229,260,300,302,284,288,305,331,97,85,104,83,78,76,84,99,81,78,87,87,143,130,113,130,141,120,135,112,111,97,94,120,116,102,101,113,110,120,95,81,91,98,104,103,104,89,112,104,114,96,78,98,99,71,108,92,104,88,99,104,104,105,72,73,100,73,92,87,96,79,83,102,95,107,94,91,68,69,79,119,107,109,105,128,96,97,97,97,97,76,91,91
C:\Program Files\Biolog\OL_DC_23\PMM\Data_2016\06\50v50\PMM_455_160613_A_03_0.OKA,6/13/16 10:13, 2-A,PM-M01,---,50v50,lymphoblast,cms19307-cms24346-cms24310-cms24102,,5.5,280,291,272,191,234,259,302,311,291,294,308,334,96,84,106,80,82,76,85,105,83,82,91,87,143,131,113,130,141,121,136,115,116,100,97,126,117,102,99,113,112,123,98,81,94,100,109,106,103,83,114,104,116,97,76,103,103,72,111,94,103,86,98,102,101,102,71,75,102,75,94,86,94,75,80,99,92,107,93,86,68,65,78,110,102,105,101,127,97,97,94,98,95,73,91,93
C:\Program Files\Biolog\OL_DC_23\PMM\Data_2016\06\50v50\PMM_455_160613_A_03_0.OKA,6/13/16 10:13, 2-A,PM-M01,---,50v50,lymphoblast,cms19307-cms24346-cms24310-cms24102,,5.75,279,293,274,198,231,260,304,306,290,294,310,333,96,85,105,81,79,75,83,99,82,79,87,87,138,131,112,131,141,119,132,113,111,97,95,123,113,101,102,110,107,121,97,82,90,96,101,105,105,86,110,101,114,93,77,95,94,71,106,95,98,86,99,105,103,105,71,73,99,73,93,89,90,77,83,99,90,101,92,84,66,68,74,111,108,111,108,126,99,97,95,93,91,74,90,92
C:\Program Files\Biolog\OL_DC_23\PMM\Data_2016\06\50v50\PMM_455_160613_A_03_0.OKA,6/13/16 10:13, 2-A,PM-M01,---,50v50,lymphoblast,cms19307-cms24346-cms24310-cms24102,,6,280,292,281,197,228,257,307,308,293,296,313,332,94,83,102,82,76,73,82,95,77,76,81,84,141,132,113,132,140,117,132,112,111,93,94,119,116,101,100,110,107,119,96,82,90,94,97,101,105,84,109,99,115,96,78,94,94,65,102,92,99,88,98,105,101,106,72,71,100,71,91,86,91,74,84,99,87,104,92,79,66,64,72,111,105,108,106,127,98,95,94,94,91,75,89,89
C:\Program Files\Biolog\OL_DC_23\PMM\Data_2016\06\50v50\PMM_455_160613_A_03_0.OKA,6/13/16 10:13, 2-A,PM-M01,---,50v50,lymphoblast,cms19307-cms24346-cms24310-cms24102,,6.25,285,294,283,199,241,262,311,316,300,300,314,336,98,87,104,83,80,79,85,103,84,80,90,86,147,136,116,132,142,120,138,117,117,104,98,126,119,102,103,114,113,123,97,84,97,99,106,107,105,86,115,105,117,100,80,101,106,71,109,94,103,87,99,103,103,105,75,78,102,76,95,86,96,79,82,100,94,108,94,82,69,66,79,110,104,105,104,131,100,97,95,100,99,74,92,93
C:\Program Files\Biolog\OL_DC_23\PMM\Data_2016\06\50v50\PMM_455_160613_A_03_0.OKA,6/13/16 10:13, 2-A,PM-M01,---,50v50,lymphoblast,cms19307-cms24346-cms24310-cms24102,,6.5,287,300,285,210,250,270,314,315,302,305,315,336,99,89,107,85,82,79,88,103,87,83,90,90,139,130,115,132,142,124,135,115,115,100,99,126,116,104,100,111,112,124,99,85,95,99,102,109,105,86,112,103,116,99,79,97,100,71,108,97,102,88,101,105,104,105,72,75,101,75,95,90,92,75,85,100,89,105,94,83,67,68,77,113,110,114,110,128,100,96,95,97,92,77,90,96
C:\Program Files\Biolog\OL_DC_23\PMM\Data_2016\06\50v50\PMM_455_160613_A_03_0.OKA,6/13/16 10:13, 2-A,PM-M01,---,50v50,lymphoblast,cms19307-cms24346-cms24310-cms24102,,6.75,289,298,289,207,251,269,316,318,302,307,316,338,102,90,111,89,84,82,88,107,88,87,92,90,150,138,121,137,146,128,141,118,119,103,97,125,124,106,107,118,118,129,102,87,102,101,107,103,109,90,123,110,123,104,82,107,111,74,111,98,110,89,105,108,106,110,77,80,105,76,96,89,103,85,84,105,99,115,101,89,75,67,80,124,108,107,108,140,105,100,101,108,103,84,100,95
C:\Program Files\Biolog\OL_DC_23\PMM\Data_2016\06\50v50\PMM_455_160613_A_03_0.OKA,6/13/16 10:13, 2-A,PM-M01,---,50v50,lymphoblast,cms19307-cms24346-cms24310-cms24102,,7,289,299,290,212,251,270,317,317,302,308,317,336,101,90,110,88,85,82,87,103,87,84,91,90,145,135,121,134,145,128,140,118,116,101,98,124,121,108,107,118,117,127,103,87,99,103,106,105,112,91,117,109,120,102,82,103,105,74,110,99,108,90,104,109,107,107,77,81,105,78,96,91,100,82,85,105,96,112,100,88,72,69,80,120,108,111,110,136,103,100,102,105,104,83,98,97
C:\Program Files\Biolog\OL_DC_23\PMM\Data_2016\06\50v50\PMM_455_160613_A_03_0.OKA,6/13/16 10:13, 2-A,PM-M01,---,50v50,lymphoblast,cms19307-cms24346-cms24310-cms24102,,7.25,292,300,294,215,256,273,321,323,311,310,321,338,101,92,109,89,87,81,91,109,90,86,92,92,145,133,120,137,145,127,141,119,120,107,103,131,119,107,106,116,115,126,101,87,99,102,112,114,109,89,116,105,117,104,82,104,108,74,114,102,104,90,103,108,105,107,78,80,105,79,98,93,93,77,85,100,90,105,95,82,68,69,78,113,111,114,112,133,102,102,99,98,97,79,95,98
C:\Program Files\Biolog\OL_DC_23\PMM\Data_2016\06\50v50\PMM_455_160613_A_03_0.OKA,6/13/16 10:13, 2-A,PM-M01,---,50v50,lymphoblast,cms19307-cms24346-cms24310-cms24102,,7.5,295,302,296,218,260,271,323,328,314,313,324,340,102,94,114,91,89,85,94,113,94,90,96,95,148,138,123,139,151,130,146,126,126,110,108,137,125,109,109,120,118,131,106,93,103,107,118,117,112,92,120,110,127,105,87,107,112,78,118,106,109,92,107,110,108,113,82,84,108,82,101,97,97,83,88,105,95,110,96,87,73,73,84,116,111,114,112,135,109,107,103,105,104,84,102,104
C:\Program Files\Biolog\OL_DC_23\PMM\Data_2016\06\50v50\PMM_455_160613_A_03_0.OKA,6/13/16 10:13, 2-A,PM-M01,---,50v50,lymphoblast,cms19307-cms24346-cms24310-cms24102,,7.75,295,303,298,219,261,273,325,327,315,315,322,341,101,92,112,92,91,84,94,113,93,90,96,94,151,138,124,138,148,132,145,124,126,109,105,137,124,110,109,120,120,131,105,91,103,106,115,114,113,93,122,111,126,104,85,108,114,76,115,104,109,91,106,110,108,113,81,84,107,82,100,92,101,83,87,105,97,111,99,89,73,70,84,115,108,114,109,138,108,106,103,107,107,86,100,100
C:\Program Files\Biolog\OL_DC_23\PMM\Data_2016\06\50v50\PMM_455_160613_A_03_0.OKA,6/13/16 10:13, 2-A,PM-M01,---,50v50,lymphoblast,cms19307-cms24346-cms24310-cms24102,,8,293,302,299,217,251,266,323,323,313,312,323,339,101,91,105,88,82,79,89,102,85,82,82,89,148,139,120,137,146,126,142,119,118,99,99,126,119,108,109,115,115,123,104,89,96,97,99,108,114,91,118,106,124,102,84,101,102,73,103,97,105,90,104,110,107,112,79,78,103,76,91,87,97,79,86,103,90,106,93,82,68,69,79,113,110,112,112,137,106,103,100,102,100,81,92,95
C:\Program Files\Biolog\OL_DC_23\PMM\Data_2016\06\50v50\PMM_455_160613_A_03_0.OKA,6/13/16 10:13, 2-A,PM-M01,---,50v50,lymphoblast,cms19307-cms24346-cms24310-cms24102,,8.25,299,306,300,227,269,276,329,333,320,319,325,343,105,94,115,92,92,87,96,116,96,92,97,97,151,138,126,142,151,135,150,127,127,112,109,141,127,110,112,120,119,131,111,95,107,107,119,121,115,94,121,110,126,106,88,110,113,81,120,108,109,91,111,111,110,114,83,85,109,84,103,96,98,82,88,106,95,112,98,86,70,71,84,115,113,117,116,139,110,106,103,105,105,83,102,106
C:\Program Files\Biolog\OL_DC_23\PMM\Data_2016\06\50v50\PMM_455_160613_A_03_0.OKA,6/13/16 10:13, 2-A,PM-M01,---,50v50,lymphoblast,cms19307-cms24346-cms24310-cms24102,,8.5,298,304,304,225,260,273,327,327,314,316,324,339,105,94,111,91,87,83,91,105,88,84,85,90,154,143,126,142,148,131,144,120,120,102,98,127,125,113,113,120,119,130,108,89,99,102,103,108,115,95,121,112,126,105,84,106,108,76,109,99,112,93,109,114,110,115,83,82,107,79,98,90,105,87,89,108,98,115,102,87,72,68,81,122,111,113,115,144,112,107,106,109,108,86,103,99
C:\Program Files\Biolog\OL_DC_23\PMM\Data_2016\06\50v50\PMM_455_160613_A_03_0.OKA,6/13/16 10:13, 2-A,PM-M01,---,50v50,lymphoblast,cms19307-cms24346-cms24310-cms24102,,8.75,300,307,303,235,274,279,328,332,320,321,327,342,103,91,113,87,91,87,93,112,94,91,94,95,145,133,124,138,148,131,146,125,127,111,107,139,123,108,109,118,120,128,106,92,103,105,111,116,111,91,116,109,123,103,84,105,108,77,115,107,106,91,107,110,105,110,81,82,107,82,99,94,93,77,85,101,91,106,96,84,69,68,80,111,110,116,113,134,106,103,101,101,99,84,96,101
C:\Program Files\Biolog\OL_DC_23\PMM\Data_2016\06\50v50\PMM_455_160613_A_03_0.OKA,6/13/16 10:13, 2-A,PM-M01,---,50v50,lymphoblast,cms19307-cms24346-cms24310-cms24102,,9,301,308,305,237,275,281,331,330,318,322,326,341,102,94,111,89,89,84,94,106,89,89,94,92,147,134,126,140,147,135,146,120,122,107,101,133,124,107,105,117,120,130,108,90,102,103,111,108,114,91,119,109,120,103,82,105,107,78,110,101,109,92,110,109,107,111,81,81,105,78,98,90,98,80,84,104,97,108,100,87,71,65,80,119,110,114,113,138,106,103,103,105,105,85,98,95
C:\Program Files\Biolog\OL_DC_23\PMM\Data_2016\06\50v50\PMM_455_160613_A_03_0.OKA,6/13/16 10:13, 2-A,PM-M01,---,50v50,lymphoblast,cms19307-cms24346-cms24310-cms24102,,9.25,302,309,308,235,274,277,334,335,323,324,329,343,106,98,115,94,94,90,97,116,95,93,96,97,154,141,128,144,150,139,150,127,130,114,107,140,128,112,112,124,123,136,110,95,108,107,116,119,115,95,125,113,128,108,89,112,114,80,115,106,112,91,111,114,111,118,89,89,108,84,103,94,103,82,91,106,99,113,101,88,75,71,85,117,111,116,115,142,115,109,107,109,109,87,104,102
C:\Program Files\Biolog\OL_DC_23\PMM\Data_2016\06\50v50\PMM_455_160613_A_03_0.OKA,6/13/16 10:13, 2-A,PM-M01,---,50v50,lymphoblast,cms19307-cms24346-cms24310-cms24102,,9.5,301,308,307,234,268,273,332,333,322,321,329,342,103,95,109,91,87,83,93,107,92,87,90,95,145,138,126,142,149,133,145,123,124,108,106,135,119,111,111,116,117,128,108,91,100,101,108,118,115,93,116,107,125,107,89,100,104,79,106,104,106,93,112,114,113,117,83,83,104,82,96,95,93,78,91,100,88,103,95,81,71,70,76,113,115,123,121,135,111,110,102,99,97,84,97,104
C:\Program Files\Biolog\OL_DC_23\PMM\Data_2016\06\50v50\PMM_455_160613_A_03_0.OKA,6/13/16 10:13, 2-A,PM-M01,---,50v50,lymphoblast,cms19307-cms24346-cms24310-cms24102,,9.75,302,310,307,240,268,273,333,331,324,321,332,343,105,96,108,93,87,84,92,106,90,85,85,97,144,140,128,146,149,132,146,123,123,108,108,137,121,113,114,112,118,126,111,93,100,100,103,118,120,96,114,105,123,107,88,98,105,79,103,108,105,96,113,115,114,120,87,85,103,80,95,98,93,78,92,100,85,99,94,78,73,72,76,110,118,128,124,134,114,111,100,97,95,87,98,106
C:\Program Files\Biolog\OL_DC_23\PMM\Data_2016\06\50v50\PMM_455_160613_A_03_0.OKA,6/13/16 10:13, 2-A,PM-M01,---,50v50,lymphoblast,cms19307-cms24346-cms24310-cms24102,,10,304,314,310,243,283,283,337,338,327,326,332,345,110,95,118,96,94,89,100,116,98,95,100,100,152,142,130,144,152,141,154,130,132,115,111,144,129,110,113,124,123,136,114,97,110,111,119,122,117,94,124,113,126,108,92,112,115,83,119,110,110,93,112,113,113,117,90,87,110,87,103,97,100,80,88,107,98,112,101,89,73,70,82,116,113,115,116,143,115,112,107,108,109,88,104,107
C:\Program Files\Biolog\OL_DC_23\PMM\Data_2016\06\50v50\PMM_455_160613_A_03_0.OKA,6/13/16 10:13, 2-A,PM-M01,---,50v50,lymphoblast,cms19307-cms24346-cms24310-cms24102,,10.25,306,312,310,246,282,282,336,335,326,326,331,345,108,98,117,96,94,89,99,115,98,95,100,96,155,142,132,146,154,139,151,127,130,115,108,141,129,115,114,125,125,134,115,98,109,112,115,116,121,97,126,116,127,108,88,111,113,84,117,107,113,96,114,116,113,120,89,88,111,84,104,97,105,86,89,110,101,115,103,90,77,73,85,120,114,117,118,145,114,112,109,112,113,93,107,104
C:\Program Files\Biolog\OL_DC_23\PMM\Data_2016\06\50v50\PMM_455_160613_A_03_0.OKA,6/13/16 10:13, 2-A,PM-M01,---,50v50,lymphoblast,cms19307-cms24346-cms24310-cms24102,,10.5,305,313,311,248,281,282,337,333,325,326,331,344,108,100,115,94,91,88,95,107,91,89,94,94,151,142,130,146,151,137,149,126,124,110,105,133,127,114,113,122,121,132,112,95,105,108,110,114,118,98,123,110,124,108,86,102,105,81,110,104,111,97,111,115,111,116,86,84,107,82,100,93,102,84,89,107,97,111,100,88,71,68,79,119,113,118,119,143,112,110,108,110,110,90,104,101
C:\Program Files\Biolog\OL_DC_23\PMM\Data_2016\06\50v50\PMM_455_160613_A_03_0.OKA,6/13/16 10:13, 2-A,PM-M01,---,50v50,lymphoblast,cms19307-cms24346-cms24310-cms24102,,10.75,304,316,315,248,282,283,338,337,328,327,334,345,108,99,117,97,95,91,101,114,96,90,97,97,158,146,132,147,156,140,154,130,130,115,109,140,132,117,116,125,124,136,114,97,107,112,117,117,121,97,130,114,129,110,92,112,115,83,117,107,117,99,116,116,114,121,91,91,112,88,106,94,109,90,92,109,101,119,104,93,75,72,85,121,114,117,119,149,118,117,112,114,112,93,111,101
C:\Program Files\Biolog\OL_DC_23\PMM\Data_2016\06\50v50\PMM_455_160613_A_03_0.OKA,6/13/16 10:13, 2-A,PM-M01,---,50v50,lymphoblast,cms19307-cms24346-cms24310-cms24102,,11,306,315,314,251,286,284,338,337,327,329,333,344,109,96,117,95,94,90,98,112,96,92,98,97,151,141,129,144,150,141,151,129,130,114,111,143,127,114,113,121,124,133,114,96,107,110,113,120,119,96,122,110,124,108,88,107,109,84,115,108,111,97,113,113,112,118,87,88,108,85,104,97,98,84,87,105,95,109,99,88,74,69,80,115,115,120,119,141,113,111,107,107,108,90,104,105
C:\Program Files\Biolog\OL_DC_23\PMM\Data_2016\06\50v50\PMM_455_160613_A_03_0.OKA,6/13/16 10:13, 2-A,PM-M01,---,50v50,lymphoblast,cms19307-cms24346-cms24310-cms24102,,11.25,307,317,315,249,280,282,340,339,329,327,333,345,112,100,117,98,95,92,101,115,96,92,96,98,159,146,132,150,157,143,155,131,131,118,112,143,131,120,117,127,126,136,114,99,109,113,114,121,123,101,128,118,131,112,92,112,114,83,117,110,116,101,118,120,115,121,92,89,112,90,106,97,107,88,94,109,98,114,105,91,76,72,82,116,117,122,120,149,121,117,111,114,111,93,108,104
C:\Program Files\Biolog\OL_DC_23\PMM\Data_2016\06\50v50\PMM_455_160613_A_03_0.OKA,6/13/16 10:13, 2-A,PM-M01,---,50v50,lymphoblast,cms19307-cms24346-cms24310-cms24102,,11.5,306,316,315,251,283,282,339,339,330,329,336,344,106,96,113,92,91,87,96,111,96,91,92,97,149,140,129,147,150,137,152,129,130,116,115,147,121,114,113,117,120,128,111,96,104,110,108,121,117,95,117,108,125,107,90,102,109,83,112,107,106,98,112,115,113,118,89,83,106,87,103,98,94,81,90,101,89,102,94,83,73,71,77,113,114,123,121,135,115,112,102,102,100,88,101,109
C:\Program Files\Biolog\OL_DC_23\PMM\Data_2016\06\50v50\PMM_455_160613_A_03_0.OKA,6/13/16 10:13, 2-A,PM-M01,---,50v50,lymphoblast,cms19307-cms24346-cms24310-cms24102,,11.75,306,317,316,253,285,283,339,341,330,329,336,345,107,99,113,95,91,89,98,114,96,92,94,97,148,140,130,145,152,138,151,129,130,115,113,147,124,114,114,120,119,130,112,98,105,111,111,121,118,95,120,108,126,108,89,102,107,82,111,111,108,100,113,115,112,116,88,87,106,89,103,98,94,82,88,101,87,104,94,80,72,71,78,111,116,123,122,139,115,115,106,103,102,89,102,108
C:\Program Files\Biolog\OL_DC_23\PMM\Data_2016\06\50v50\PMM_455_160613_A_03_0.OKA,6/13/16 10:13, 2-A,PM-M01,---,50v50,lymphoblast,cms19307-cms24346-cms24310-cms24102,,12,307,317,316,255,280,282,339,333,326,326,334,344,106,98,106,94,87,81,92,97,84,86,84,94,147,140,130,146,147,133,144,122,118,103,103,131,122,119,114,114,117,126,111,93,100,102,99,111,119,98,116,106,123,108,85,92,98,76,100,102,107,101,114,115,111,117,84,82,100,81,93,95,95,80,88,100,87,100,93,80,66,68,70,112,117,125,122,139,114,111,104,98,101,88,100,101
C:\Program Files\Biolog\OL_DC_23\PMM\Data_2016\06\50v50\PMM_455_160613_A_03_0.OKA,6/13/16 10:13, 2-A,PM-M01,---,50v50,lymphoblast,cms19307-cms24346-cms24310-cms24102,,12.25,310,319,317,258,289,287,343,342,333,332,337,346,111,99,120,98,98,88,101,116,101,97,101,100,156,143,133,150,156,143,156,133,134,121,116,150,128,120,118,125,122,134,117,100,109,114,118,125,123,99,126,115,129,112,94,111,112,88,119,111,111,102,115,117,117,121,93,91,112,92,105,99,101,86,92,105,94,111,99,88,78,72,85,112,117,122,121,144,118,117,110,110,111,92,107,110
C:\Program Files\Biolog\OL_DC_23\PMM\Data_2016\06\50v50\PMM_455_160613_A_03_0.OKA,6/13/16 10:13, 2-A,PM-M01,---,50v50,lymphoblast,cms19307-cms24346-cms24310-cms24102,,12.5,310,322,321,259,284,284,342,338,332,331,337,345,111,103,113,98,93,90,100,105,91,93,92,97,156,147,136,152,156,141,151,127,124,109,109,138,132,123,120,123,124,134,115,100,105,107,109,114,127,102,126,116,129,111,92,101,107,83,108,106,116,106,120,120,117,121,92,89,109,87,103,98,107,92,95,108,98,112,102,91,76,71,81,120,120,125,122,149,120,117,116,112,113,98,109,107
C:\Program Files\Biolog\OL_DC_23\PMM\Data_2016\06\50v50\PMM_455_160613_A_03_0.OKA,6/13/16 10:13, 2-A,PM-M01,---,50v50,lymphoblast,cms19307-cms24346-cms24310-cms24102,,12.75,309,320,320,259,287,287,343,341,333,331,337,346,109,99,114,96,92,88,101,114,97,92,92,100,151,144,133,149,153,140,151,131,131,118,116,150,125,119,117,120,122,132,114,99,104,111,112,124,122,99,121,111,129,111,93,104,108,85,111,111,108,103,115,119,116,121,92,90,109,92,104,101,96,83,91,104,89,106,94,83,76,73,78,113,118,125,126,139,118,119,108,104,106,92,105,109
C:\Program Files\Biolog\OL_DC_23\PMM\Data_2016\06\50v50\PMM_455_160613_A_03_0.OKA,6/13/16 10:13, 2-A,PM-M01,---,50v50,lymphoblast,cms19307-cms24346-cms24310-cms24102,,13,308,321,319,260,287,284,342,340,334,331,337,347,109,100,113,95,91,86,98,109,93,91,93,98,150,143,134,151,153,141,151,128,128,116,114,146,125,122,118,118,123,130,113,99,105,106,108,121,126,100,119,110,130,109,92,100,108,83,105,109,110,105,118,119,116,120,93,88,106,88,101,99,95,84,93,102,90,104,94,82,73,72,77,113,119,127,124,140,119,118,107,104,105,93,104,109
C:\Program Files\Biolog\OL_DC_23\PMM\Data_2016\06\50v50\PMM_455_160613_A_03_0.OKA,6/13/16 10:13, 2-A,PM-M01,---,50v50,lymphoblast,cms19307-cms24346-cms24310-cms24102,,13.25,310,322,321,264,291,290,343,342,336,333,340,348,111,98,116,99,95,90,101,116,99,95,103,102,152,141,134,149,155,143,155,134,135,121,117,154,127,121,117,122,123,135,114,102,107,113,118,126,123,98,123,112,131,112,95,108,111,86,115,113,111,103,115,118,117,120,94,90,109,93,105,102,96,82,91,102,91,105,97,84,74,73,81,111,117,125,123,139,119,118,109,106,107,94,109,112
C:\Program Files\Biolog\OL_DC_23\PMM\Data_2016\06\50v50\PMM_455_160613_A_03_0.OKA,6/13/16 10:13, 2-A,PM-M01,---,50v50,lymphoblast,cms19307-cms24346-cms24310-cms24102,,13.5,309,323,321,265,287,288,344,340,333,332,336,345,110,102,113,98,92,87,99,106,93,90,94,97,154,145,135,152,153,140,152,128,128,112,110,142,125,123,119,120,125,132,115,97,104,108,108,119,126,102,121,112,130,112,92,101,108,83,107,108,112,107,118,121,115,120,91,88,107,88,102,99,101,86,94,104,91,107,97,84,74,69,76,113,118,127,124,144,119,116,111,107,108,92,107,107
C:\Program Files\Biolog\OL_DC_23\PMM\Data_2016\06\50v50\PMM_455_160613_A_03_0.OKA,6/13/16 10:13, 2-A,PM-M01,---,50v50,lymphoblast,cms19307-cms24346-cms24310-cms24102,,13.75,310,323,322,262,290,288,344,344,336,333,338,348,111,100,114,96,93,89,101,111,97,94,95,100,153,145,134,148,153,143,155,132,132,118,116,152,125,121,119,119,122,132,114,103,104,107,111,125,123,99,122,110,131,114,94,103,108,85,108,110,110,107,116,120,120,120,95,91,109,93,102,101,95,82,93,103,86,104,94,81,74,71,77,109,119,128,126,140,120,121,108,106,104,95,106,112
C:\Program Files\Biolog\OL_DC_23\PMM\Data_2016\06\50v50\PMM_455_160613_A_03_0.OKA,6/13/16 10:13, 2-A,PM-M01,---,50v50,lymphoblast,cms19307-cms24346-cms24310-cms24102,,14,314,325,325,266,296,293,346,343,337,336,340,349,115,105,121,100,100,95,105,115,101,99,104,100,159,145,138,154,158,147,159,135,138,124,120,155,133,125,121,128,126,137,119,103,111,115,121,126,127,101,126,117,133,115,98,109,114,90,119,115,115,106,119,122,120,124,96,95,114,95,111,104,104,89,94,107,95,113,99,87,76,72,84,115,120,125,124,147,122,122,114,115,114,99,111,111
C:\Program Files\Biolog\OL_DC_23\PMM\Data_2016\06\50v50\PMM_455_160613_A_03_0.OKA,6/13/16 10:13, 2-A,PM-M01,---,50v50,lymphoblast,cms19307-cms24346-cms24310-cms24102,,14.25,313,326,326,266,291,289,347,344,339,336,342,348,113,103,116,100,95,92,101,112,97,96,97,106,152,151,140,154,157,144,158,135,134,120,122,153,132,127,123,119,127,131,118,104,107,108,114,130,129,106,123,115,135,118,98,104,111,89,110,117,113,111,123,124,122,127,97,94,112,97,106,107,100,89,99,101,88,102,93,81,80,78,80,108,126,138,132,142,127,124,107,107,109,97,110,119
C:\Program Files\Biolog\OL_DC_23\PMM\Data_2016\06\50v50\PMM_455_160613_A_03_0.OKA,6/13/16 10:13, 2-A,PM-M01,---,50v50,lymphoblast,cms19307-cms24346-cms24310-cms24102,,14.5,313,324,324,266,293,291,346,344,336,333,339,347,111,103,112,98,95,91,101,113,97,94,98,100,154,146,137,154,155,144,156,133,135,119,115,150,130,124,120,123,127,133,117,102,107,112,112,123,126,103,121,116,133,114,94,104,109,87,109,110,112,107,119,122,118,123,95,90,110,92,103,100,100,85,93,103,90,106,96,85,77,75,77,113,120,128,126,142,121,121,111,108,109,96,109,112
C:\Program Files\Biolog\OL_DC_23\PMM\Data_2016\06\50v50\PMM_455_160613_A_03_0.OKA,6/13/16 10:13, 2-A,PM-M01,---,50v50,lymphoblast,cms19307-cms24346-cms24310-cms24102,,14.75,317,327,327,276,301,299,348,346,339,338,343,351,121,106,122,103,98,95,106,116,103,100,105,106,157,146,139,155,158,150,160,136,136,122,119,154,135,128,121,127,126,136,121,104,113,117,117,127,129,102,124,118,131,114,95,106,112,90,117,117,118,109,121,122,122,125,97,93,113,94,108,105,100,86,96,104,93,105,100,88,77,74,82,116,123,130,129,142,122,121,112,108,113,99,111,113
C:\Program Files\Biolog\OL_DC_23\PMM\Data_2016\06\50v50\PMM_455_160613_A_03_0.OKA,6/13/16 10:13, 2-A,PM-M01,---,50v50,lymphoblast,cms19307-cms24346-cms24310-cms24102,,15,313,327,325,272,295,294,347,345,338,334,341,348,115,103,116,98,94,92,100,113,97,94,99,100,152,144,137,154,155,146,157,133,133,119,119,152,129,126,121,121,123,133,120,102,110,113,112,125,128,100,119,113,131,112,94,104,108,86,109,114,111,108,117,122,118,122,96,92,110,94,105,103,96,85,93,100,87,102,96,82,76,70,77,110,121,130,128,139,122,122,110,107,108,95,111,111
C:\Program Files\Biolog\OL_DC_23\PMM\Data_2016\06\50v50\PMM_455_160613_A_03_0.OKA,6/13/16 10:13, 2-A,PM-M01,---,50v50,lymphoblast,cms19307-cms24346-cms24310-cms24102,,15.25,313,327,327,272,296,295,347,345,339,337,343,348,114,104,120,99,96,94,104,115,100,99,101,104,157,147,138,155,156,148,161,137,138,123,121,157,131,126,120,124,126,136,120,106,112,116,118,131,130,101,125,114,134,116,98,107,111,90,114,115,113,111,121,122,122,125,99,95,113,98,109,106,101,88,94,105,91,105,96,86,78,75,80,114,122,128,127,142,124,124,112,110,111,99,112,115
C:\Program Files\Biolog\OL_DC_23\PMM\Data_2016\06\50v50\PMM_455_160613_A_03_0.OKA,6/13/16 10:13, 2-A,PM-M01,---,50v50,lymphoblast,cms19307-cms24346-cms24310-cms24102,,15.5,314,326,325,273,298,296,347,345,338,337,341,348,116,104,116,99,97,92,102,112,100,96,103,103,154,143,137,155,154,147,156,135,135,121,120,156,130,126,121,124,124,133,118,104,108,114,115,127,125,103,121,113,129,113,97,103,108,86,113,114,111,110,118,123,118,122,96,91,112,95,107,104,98,83,93,101,88,103,94,83,75,76,78,108,122,129,128,141,121,122,110,107,109,97,112,115
C:\Program Files\Biolog\OL_DC_23\PMM\Data_2016\06\50v50\PMM_455_160613_A_03_0.OKA,6/13/16 10:13, 2-A,PM-M01,---,50v50,lymphoblast,cms19307-cms24346-cms24310-cms24102,,15.75,316,327,328,276,301,298,349,344,338,337,340,349,118,105,119,102,95,94,103,110,98,99,101,100,159,145,141,155,158,151,159,136,132,119,112,150,136,127,123,128,126,137,121,106,113,115,116,118,130,104,129,120,130,115,93,108,114,89,113,115,120,109,121,122,121,128,99,94,117,93,107,104,107,94,94,111,101,113,106,93,80,73,82,128,120,124,124,151,125,124,125,120,120,108,122,114
C:\Program Files\Biolog\OL_DC_23\PMM\Data_2016\06\50v50\PMM_455_160613_A_03_0.OKA,6/13/16 10:13, 2-A,PM-M01,---,50v50,lymphoblast,cms19307-cms24346-cms24310-cms24102,,16,315,327,328,277,299,299,349,346,342,337,341,349,121,106,121,104,100,98,107,119,103,101,102,101,163,150,144,158,161,152,165,140,139,126,118,157,139,133,127,131,128,143,123,107,116,118,121,123,132,105,130,123,135,119,99,114,119,89,119,115,122,111,122,126,123,132,102,99,118,99,112,104,111,96,96,112,103,119,105,91,83,76,86,122,123,125,123,155,129,130,122,125,124,106,119,114
C:\Program Files\Biolog\OL_DC_23\PMM\Data_2016\06\50v50\PMM_455_160613_A_03_0.OKA,6/13/16 10:13, 2-A,PM-M01,---,50v50,lymphoblast,cms19307-cms24346-cms24310-cms24102,,16.25,315,329,328,277,303,298,350,346,341,337,343,349,116,105,119,103,97,94,105,116,100,100,103,101,159,146,141,154,158,150,162,137,138,123,118,154,134,129,122,126,128,137,121,105,110,116,117,125,130,103,126,118,134,117,96,106,113,90,116,114,115,108,119,122,122,126,97,93,116,95,109,103,101,88,93,105,95,110,100,90,77,72,81,115,119,128,125,147,124,123,116,113,116,103,115,111
C:\Program Files\Biolog\OL_DC_23\PMM\Data_2016\06\50v50\PMM_455_160613_A_03_0.OKA,6/13/16 10:13, 2-A,PM-M01,---,50v50,lymphoblast,cms19307-cms24346-cms24310-cms24102,,16.5,315,328,328,275,300,297,349,346,340,336,342,348,116,101,116,98,95,90,102,113,99,97,101,99,153,144,136,153,155,148,158,136,137,121,118,154,131,127,121,124,124,132,119,102,108,114,115,122,125,102,123,113,130,114,96,104,109,87,113,111,111,106,117,119,117,123,96,93,112,93,105,102,98,85,90,101,87,105,93,84,74,72,77,109,118,125,124,143,123,123,115,111,111,99,111,111
C:\Program Files\Biolog\OL_DC_23\PMM\Data_2016\06\50v50\PMM_455_160613_A_03_0.OKA,6/13/16 10:13, 2-A,PM-M01,---,50v50,lymphoblast,cms19307-cms24346-cms24310-cms24102,,16.75,317,329,330,279,299,298,349,343,338,336,341,347,118,107,116,102,96,92,102,104,95,96,97,101,155,149,141,157,156,148,157,133,128,116,112,146,135,131,126,121,126,134,121,104,109,110,109,122,131,106,124,116,133,114,97,102,108,87,107,110,113,114,123,125,122,125,95,92,110,93,102,103,102,89,95,103,91,104,96,87,76,74,77,114,124,132,129,146,125,124,117,112,113,103,115,111
C:\Program Files\Biolog\OL_DC_23\PMM\Data_2016\06\50v50\PMM_455_160613_A_03_0.OKA,6/13/16 10:13, 2-A,PM-M01,---,50v50,lymphoblast,cms19307-cms24346-cms24310-cms24102,,17,316,329,329,277,300,298,350,346,340,338,343,348,115,104,116,100,94,91,104,113,100,98,100,100,151,145,139,155,155,147,160,137,137,120,119,156,130,128,122,124,125,135,121,106,108,114,114,125,127,105,121,115,134,115,97,104,110,89,110,113,113,110,119,123,121,125,100,93,112,97,105,105,99,85,94,101,89,104,93,82,74,71,78,110,120,128,127,142,124,125,114,110,114,99,113,110
C:\Program Files\Biolog\OL_DC_23\PMM\Data_2016\06\50v50\PMM_455_160613_A_03_0.OKA,6/13/16 10:13, 2-A,PM-M01,---,50v50,lymphoblast,cms19307-cms24346-cms24310-cms24102,,17.25,318,331,331,282,302,302,350,347,342,340,345,348,120,105,117,102,98,93,105,115,102,102,105,103,150,147,140,156,158,149,161,138,139,126,123,159,134,131,123,123,126,133,121,108,110,117,117,130,130,105,123,114,132,116,96,106,110,90,113,117,114,111,121,124,121,126,98,92,112,98,109,108,98,81,93,99,87,103,93,83,75,74,80,110,126,136,129,140,125,125,113,106,112,102,116,116
C:\Program Files\Biolog\OL_DC_23\PMM\Data_2016\06\50v50\PMM_455_160613_A_03_0.OKA,6/13/16 10:13, 2-A,PM-M01,---,50v50,lymphoblast,cms19307-cms24346-cms24310-cms24102,,17.5,318,330,330,280,302,299,351,348,341,339,345,348,119,107,120,101,99,94,105,118,103,100,104,103,155,149,142,158,160,150,163,140,142,126,124,161,134,133,126,126,128,138,123,109,112,120,119,130,132,105,125,118,135,118,99,110,110,93,114,119,116,113,123,126,124,126,104,99,117,100,110,109,104,91,95,104,90,105,96,86,79,76,81,112,121,131,126,145,130,129,116,114,116,107,118,117
C:\Program Files\Biolog\OL_DC_23\PMM\Data_2016\06\50v50\PMM_455_160613_A_03_0.OKA,6/13/16 10:13, 2-A,PM-M01,---,50v50,lymphoblast,cms19307-cms24346-cms24310-cms24102,,17.75,317,329,330,281,302,301,350,347,341,338,344,348,115,104,116,100,95,90,104,113,99,98,102,102,151,144,140,157,155,149,160,137,139,123,122,159,132,128,122,122,124,135,119,105,108,115,116,128,129,103,123,114,132,117,95,105,109,89,112,115,112,112,120,123,121,126,97,95,113,98,106,103,98,85,92,98,89,102,92,83,77,74,76,110,121,131,128,141,126,126,114,110,112,101,116,113
C:\Program Files\Biolog\OL_DC_23\PMM\Data_2016\06\50v50\PMM_455_160613_A_03_0.OKA,6/13/16 10:13, 2-A,PM-M01,---,50v50,lymphoblast,cms19307-cms24346-cms24310-cms24102,,18,320,331,332,283,305,303,351,347,343,341,345,350,119,106,119,104,98,96,104,115,103,100,101,101,154,147,143,159,157,152,162,139,139,124,119,157,134,133,124,128,129,137,123,108,111,117,116,126,132,105,124,116,133,116,98,107,113,92,113,115,114,112,122,125,124,127,100,98,116,98,110,104,102,90,95,103,92,107,96,86,77,75,79,113,123,130,128,144,129,128,120,113,115,104,115,113
C:\Program Files\Biolog\OL_DC_23\PMM\Data_2016\06\50v50\PMM_455_160613_A_03_0.OKA,6/13/16 10:13, 2-A,PM-M01,---,50v50,lymphoblast,cms19307-cms24346-cms24310-cms24102,,18.25,320,332,331,284,303,300,352,348,343,340,347,351,119,107,116,103,100,93,105,113,102,101,101,106,152,150,142,159,158,149,163,141,140,125,125,162,135,135,127,124,128,137,125,108,110,114,116,135,134,108,123,115,133,118,102,106,111,93,111,121,113,114,125,128,125,127,102,98,115,102,110,112,99,87,98,99,87,100,90,81,80,77,83,106,129,143,137,141,130,129,112,111,113,107,118,123
C:\Program Files\Biolog\OL_DC_23\PMM\Data_2016\06\50v50\PMM_455_160613_A_03_0.OKA,6/13/16 10:13, 2-A,PM-M01,---,50v50,lymphoblast,cms19307-cms24346-cms24310-cms24102,,18.5,318,333,331,286,306,305,352,348,344,340,344,349,119,109,120,102,98,95,105,115,103,100,102,102,154,148,144,159,159,152,162,138,140,123,121,154,135,135,125,127,130,137,123,108,111,115,117,128,133,107,124,117,133,117,100,103,112,91,113,116,117,114,120,124,124,126,101,96,113,98,107,108,103,87,94,102,89,105,96,85,78,72,81,113,125,134,131,144,126,128,118,115,117,106,118,114
C:\Program Files\Biolog\OL_DC_23\PMM\Data_2016\06\50v50\PMM_455_160613_A_03_0.OKA,6/13/16 10:13, 2-A,PM-M01,---,50v50,lymphoblast,cms19307-cms24346-cms24310-cms24102,,18.75,318,333,332,286,305,303,351,349,344,341,345,350,120,110,119,103,100,94,107,116,104,102,102,104,155,149,143,161,158,151,162,140,140,125,127,159,136,136,124,126,130,138,122,109,111,114,115,131,135,108,126,117,135,120,99,105,111,93,110,117,116,113,123,125,124,129,103,98,116,100,109,108,101,88,95,102,90,105,93,83,78,76,78,110,126,138,133,142,131,129,116,113,116,108,118,117
C:\Program Files\Biolog\OL_DC_23\PMM\Data_2016\06\50v50\PMM_455_160613_A_03_0.OKA,6/13/16 10:13, 2-A,PM-M01,---,50v50,lymphoblast,cms19307-cms24346-cms24310-cms24102,,19,321,334,335,289,307,306,353,350,348,344,348,353,125,114,123,109,103,99,111,121,108,107,108,108,162,155,149,165,164,158,171,148,147,133,129,167,141,140,131,135,134,144,131,116,116,122,125,137,138,114,131,124,141,127,107,115,117,99,121,126,122,119,126,132,130,136,110,106,124,105,117,114,108,94,102,109,97,112,100,91,85,82,87,117,129,136,134,153,136,139,124,121,126,114,127,125
C:\Program Files\Biolog\OL_DC_23\PMM\Data_2016\06\50v50\PMM_455_160613_A_03_0.OKA,6/13/16 10:13, 2-A,PM-M01,---,50v50,lymphoblast,cms19307-cms24346-cms24310-cms24102,,19.25,318,333,334,284,305,305,353,349,346,341,346,350,121,108,119,104,99,96,107,118,104,101,105,107,159,151,145,161,161,154,167,145,145,130,127,163,137,135,128,130,131,140,125,111,114,120,121,131,136,108,129,120,137,123,103,111,114,95,118,121,117,112,125,126,125,131,105,101,118,103,114,111,104,90,97,103,93,107,97,88,79,77,83,115,125,134,132,148,131,132,121,117,120,108,123,119
C:\Program Files\Biolog\OL_DC_23\PMM\Data_2016\06\50v50\PMM_455_160613_A_03_0.OKA,6/13/16 10:13, 2-A,PM-M01,---,50v50,lymphoblast,cms19307-cms24346-cms24310-cms24102,,19.5,320,334,334,290,308,306,354,350,347,342,349,351,123,111,122,105,100,98,109,116,106,103,104,107,158,153,147,161,160,154,165,144,143,130,127,163,138,139,130,129,132,138,127,113,114,118,120,134,136,110,127,119,136,121,102,107,113,95,116,121,120,118,126,130,128,131,107,99,118,104,111,112,102,90,99,103,91,108,96,84,79,79,83,110,128,138,134,145,131,133,120,115,120,111,121,120
C:\Program Files\Biolog\OL_DC_23\PMM\Data_2016\06\50v50\PMM_455_160613_A_03_0.OKA,6/13/16 10:13, 2-A,PM-M01,---,50v50,lymphoblast,cms19307-cms24346-cms24310-cms24102,,19.75,320,333,333,289,306,306,353,349,344,340,347,351,121,108,116,104,98,94,107,113,104,100,100,105,153,150,142,158,157,151,161,139,139,125,124,159,137,137,126,123,131,136,124,107,109,113,116,130,135,108,122,115,134,118,99,102,110,93,111,118,116,115,122,128,125,128,102,95,116,98,108,109,100,86,97,97,86,99,88,80,79,74,78,107,127,142,133,140,129,130,117,111,117,106,118,119
C:\Program Files\Biolog\OL_DC_23\PMM\Data_2016\06\50v50\PMM_455_160613_A_03_0.OKA,6/13/16 10:13, 2-A,PM-M01,---,50v50,lymphoblast,cms19307-cms24346-cms24310-cms24102,,20,319,333,334,287,304,304,352,348,345,340,345,348,121,108,114,102,98,92,105,112,99,98,100,103,158,152,143,162,158,151,162,140,139,123,122,158,137,139,128,124,130,136,126,108,111,112,116,127,136,108,127,117,135,121,99,105,111,93,112,117,117,115,124,128,126,132,106,101,114,99,108,107,102,87,97,102,88,105,91,84,78,75,79,108,125,136,131,144,132,132,118,114,119,106,119,114
C:\Program Files\Biolog\OL_DC_23\PMM\Data_2016\06\50v50\PMM_455_160613_A_03_0.OKA,6/13/16 10:13, 2-A,PM-M01,---,50v50,lymphoblast,cms19307-cms24346-cms24310-cms24102,,20.25,320,334,332,289,306,304,352,348,344,339,346,349,118,109,113,103,98,93,105,110,102,98,100,104,157,152,143,162,158,152,162,140,138,122,123,158,135,137,128,122,130,137,125,110,109,114,115,130,137,111,123,117,135,121,102,103,110,93,109,118,116,115,124,126,128,129,104,98,113,100,106,109,101,87,97,97,88,100,90,83,78,78,77,107,127,141,134,142,131,130,117,114,117,107,120,118
C:\Program Files\Biolog\OL_DC_23\PMM\Data_2016\06\50v50\PMM_455_160613_A_03_0.OKA,6/13/16 10:13, 2-A,PM-M01,---,50v50,lymphoblast,cms19307-cms24346-cms24310-cms24102,,20.5,321,336,336,293,308,308,354,350,347,342,346,349,126,111,120,110,103,100,110,116,107,102,103,106,165,157,150,164,165,156,168,148,143,129,125,161,142,143,134,132,135,142,129,113,116,119,118,130,142,112,130,121,142,125,106,111,114,96,115,121,123,119,130,132,131,134,112,104,120,104,113,111,109,93,102,109,95,112,98,90,83,78,84,117,128,139,134,151,138,138,127,123,124,113,128,118
C:\Program Files\Biolog\OL_DC_23\PMM\Data_2016\06\50v50\PMM_455_160613_A_03_0.OKA,6/13/16 10:13, 2-A,PM-M01,---,50v50,lymphoblast,cms19307-cms24346-cms24310-cms24102,,20.75,321,336,336,292,308,307,353,351,348,343,348,352,126,112,120,110,103,98,110,120,108,105,107,108,163,157,149,165,163,158,170,149,148,133,130,166,143,144,133,132,137,144,129,116,114,120,123,136,142,111,130,122,143,126,107,111,117,97,116,124,122,118,128,131,131,135,111,106,119,108,115,115,105,91,102,107,94,108,96,89,86,78,83,111,131,140,136,151,138,141,123,120,125,115,126,125
C:\Program Files\Biolog\OL_DC_23\PMM\Data_2016\06\50v50\PMM_455_160613_A_03_0.OKA,6/13/16 10:13, 2-A,PM-M01,---,50v50,lymphoblast,cms19307-cms24346-cms24310-cms24102,,21,321,335,336,295,309,310,354,351,346,343,349,352,125,111,121,106,103,98,110,117,108,105,106,109,159,153,146,163,162,157,169,146,145,130,130,166,141,140,130,128,131,140,128,113,113,118,121,136,138,109,124,118,136,124,105,108,114,94,116,124,118,119,127,129,129,131,105,102,118,104,113,114,102,89,97,102,91,104,94,87,82,80,82,109,128,144,135,144,134,136,118,118,122,111,126,123
C:\Program Files\Biolog\OL_DC_23\PMM\Data_2016\06\50v50\PMM_455_160613_A_03_0.OKA,6/13/16 10:13, 2-A,PM-M01,---,50v50,lymphoblast,cms19307-cms24346-cms24310-cms24102,,21.25,321,335,335,296,311,310,354,349,345,342,345,350,125,109,116,104,100,94,105,106,100,101,97,102,156,149,144,159,158,155,161,139,137,121,117,151,135,137,126,126,131,136,124,109,111,114,112,124,136,108,126,116,129,119,97,100,112,93,111,113,118,115,122,125,126,127,103,97,114,99,105,108,102,87,93,99,92,104,98,88,77,72,76,115,125,137,130,143,130,130,125,119,122,115,124,115
C:\Program Files\Biolog\OL_DC_23\PMM\Data_2016\06\50v50\PMM_455_160613_A_03_0.OKA,6/13/16 10:13, 2-A,PM-M01,---,50v50,lymphoblast,cms19307-cms24346-cms24310-cms24102,,21.5,322,335,335,293,310,309,354,349,346,340,346,351,125,111,118,104,100,96,108,114,105,103,105,105,160,152,146,161,160,157,165,145,144,130,125,161,137,140,130,128,133,138,128,113,113,117,119,131,138,108,126,119,136,123,103,107,113,94,115,120,119,116,125,129,128,131,107,100,116,101,112,110,103,87,96,100,90,107,93,86,78,78,79,110,127,137,132,145,133,135,120,117,122,110,125,120
C:\Program Files\Biolog\OL_DC_23\PMM\Data_2016\06\50v50\PMM_455_160613_A_03_0.OKA,6/13/16 10:13, 2-A,PM-M01,---,50v50,lymphoblast,cms19307-cms24346-cms24310-cms24102,,21.75,323,336,336,296,309,309,355,349,346,343,347,350,124,110,114,104,98,94,105,110,102,101,101,105,155,152,145,161,157,153,162,143,140,125,125,160,137,140,128,124,132,135,125,110,110,114,115,134,136,110,124,116,133,117,101,100,111,92,107,121,118,115,123,127,126,128,105,98,115,101,108,112,99,85,97,96,86,97,84,80,78,76,78,100,130,144,135,141,133,134,116,116,118,108,122,119
C:\Program Files\Biolog\OL_DC_23\PMM\Data_2016\06\50v50\PMM_455_160613_A_03_0.OKA,6/13/16 10:13, 2-A,PM-M01,---,50v50,lymphoblast,cms19307-cms24346-cms24310-cms24102,,22,323,337,336,295,312,310,354,352,347,342,348,352,127,112,120,108,102,95,109,116,104,102,100,103,162,153,147,164,163,158,168,145,145,129,124,162,143,143,132,131,133,139,129,113,113,119,118,132,141,112,128,122,136,125,104,110,115,96,117,121,123,117,125,130,131,134,109,103,120,104,111,113,108,91,99,108,92,110,95,88,80,77,81,111,127,138,130,151,137,137,126,122,126,116,125,118
C:\Program Files\Biolog\OL_DC_23\PMM\Data_2016\06\50v50\PMM_455_160613_A_03_0.OKA,6/13/16 10:13, 2-A,PM-M01,---,50v50,lymphoblast,cms19307-cms24346-cms24310-cms24102,,22.25,323,336,336,296,311,310,354,352,345,341,347,350,126,111,119,105,102,96,107,112,103,103,101,107,159,151,146,163,159,157,166,144,142,127,126,161,138,142,130,126,132,138,127,111,111,115,117,132,140,112,126,116,136,123,103,104,115,94,112,118,118,117,125,128,128,130,106,101,116,103,110,113,103,88,97,99,90,102,90,84,78,75,79,106,130,140,133,143,134,134,119,117,122,112,123,119
C:\Program Files\Biolog\OL_DC_23\PMM\Data_2016\06\50v50\PMM_455_160613_A_03_0.OKA,6/13/16 10:13, 2-A,PM-M01,---,50v50,lymphoblast,cms19307-cms24346-cms24310-cms24102,,22.5,324,336,335,297,310,312,355,351,348,343,346,351,126,111,118,106,102,97,110,115,107,106,104,110,158,154,147,164,160,158,166,145,145,130,126,164,139,142,130,129,133,140,127,112,112,117,118,134,140,110,125,118,136,124,103,106,114,95,114,122,120,120,127,130,128,131,108,101,121,103,112,114,102,87,97,99,89,103,89,83,81,79,78,106,130,143,135,144,134,136,123,117,123,113,125,122
C:\Program Files\Biolog\OL_DC_23\PMM\Data_2016\06\50v50\PMM_455_160613_A_03_0.OKA,6/13/16 10:13, 2-A,PM-M01,---,50v50,lymphoblast,cms19307-cms24346-cms24310-cms24102,,22.75,325,339,339,300,312,311,356,353,349,345,349,353,128,114,119,108,104,100,109,115,106,105,105,111,163,159,150,167,162,158,169,148,147,130,130,168,143,146,135,131,136,143,132,116,117,119,122,139,143,115,129,124,140,128,107,108,115,99,115,125,122,121,129,134,133,135,111,105,119,108,116,118,105,93,104,104,91,106,91,85,86,82,83,109,132,147,142,147,141,141,122,121,125,117,130,126
C:\Program Files\Biolog\OL_DC_23\PMM\Data_2016\06\50v50\PMM_455_160613_A_03_0.OKA,6/13/16 10:13, 2-A,PM-M01,---,50v50,lymphoblast,cms19307-cms24346-cms24310-cms24102,,23,323,337,339,301,312,311,355,352,346,344,346,351,127,113,117,108,102,98,109,112,104,102,105,108,162,154,149,166,160,156,167,146,145,128,125,163,141,144,133,128,134,141,129,112,110,115,119,134,142,113,128,119,138,125,105,103,115,96,113,121,122,120,129,130,129,132,108,102,117,105,111,114,103,89,99,102,91,101,91,84,82,79,80,105,130,143,136,145,138,140,122,120,122,116,125,121
C:\Program Files\Biolog\OL_DC_23\PMM\Data_2016\06\50v50\PMM_455_160613_A_03_0.OKA,6/13/16 10:13, 2-A,PM-M01,---,50v50,lymphoblast,cms19307-cms24346-cms24310-cms24102,,23.25,326,338,337,300,313,313,356,353,348,344,350,353,130,114,120,109,104,101,111,119,110,107,108,112,159,156,149,167,163,159,170,149,149,136,134,171,141,145,131,130,134,144,131,117,117,123,125,142,142,112,127,120,141,127,108,109,116,101,116,127,122,121,129,132,132,133,111,105,121,111,117,120,105,87,102,100,91,101,91,84,83,80,84,111,132,146,139,144,138,141,121,121,127,119,131,130
C:\Program Files\Biolog\OL_DC_23\PMM\Data_2016\06\50v50\PMM_455_160613_A_03_0.OKA,6/13/16 10:13, 2-A,PM-M01,---,50v50,lymphoblast,cms19307-cms24346-cms24310-cms24102,,23.5,324,337,338,299,312,313,355,352,349,345,349,351,127,111,118,108,102,98,110,120,109,104,105,108,162,153,149,165,162,158,171,150,148,132,130,167,142,144,134,130,134,141,131,115,117,120,121,136,141,113,128,120,138,125,108,108,117,98,116,125,118,118,128,131,130,135,111,106,120,108,115,113,106,87,99,103,91,105,93,86,81,78,80,108,128,139,134,147,139,140,125,122,127,117,128,122
C:\Program Files\Biolog\OL_DC_23\PMM\Data_2016\06\50v50\PMM_455_160613_A_03_0.OKA,6/13/16 10:13, 2-A,PM-M01,---,50v50,lymphoblast,cms19307-cms24346-cms24310-cms24102,,23.75,324,337,340,300,311,311,354,351,346,340,346,350,128,112,118,109,102,98,107,110,102,100,99,106,168,159,150,167,162,157,167,145,142,125,120,155,146,148,135,130,134,143,130,115,111,114,114,127,146,113,132,122,141,125,106,106,113,95,109,117,124,121,130,134,132,136,110,104,119,103,108,112,114,93,102,106,95,108,94,87,80,76,79,114,131,142,135,153,141,143,129,124,129,116,128,119
C:\Program Files\Biolog\OL_DC_23\PMM\Data_2016\06\50v50\PMM_455_160613_A_03_0.OKA,6/13/16 10:13, 2-A,PM-M01,---,50v50,lymphoblast,cms19307-cms24346-cms24310-cms24102,,24,324,338,339,300,312,312,354,352,347,343,346,351,127,113,116,109,102,97,107,107,101,102,99,104,164,159,150,167,161,156,165,142,139,124,119,152,145,147,135,129,134,140,129,114,110,114,115,129,145,115,128,120,138,124,102,103,114,95,106,119,124,123,130,131,131,133,108,101,118,103,105,114,109,91,103,101,92,106,93,85,78,76,76,112,131,142,135,149,139,138,126,121,127,117,128,118